-- phpMyAdmin SQL Dump
-- version 4.8.5
-- https://www.phpmyadmin.net/
--
-- Хост: localhost:3306
-- Время создания: Июн 12 2019 г., 11:52
-- Версия сервера: 10.3.14-MariaDB
-- Версия PHP: 7.3.2

SET SQL_MODE = "NO_AUTO_VALUE_ON_ZERO";
SET AUTOCOMMIT = 0;
START TRANSACTION;
SET time_zone = "+00:00";


/*!40101 SET @OLD_CHARACTER_SET_CLIENT=@@CHARACTER_SET_CLIENT */;
/*!40101 SET @OLD_CHARACTER_SET_RESULTS=@@CHARACTER_SET_RESULTS */;
/*!40101 SET @OLD_COLLATION_CONNECTION=@@COLLATION_CONNECTION */;
/*!40101 SET NAMES utf8mb4 */;

--
-- База данных: `id8325534_smarttable`
--

-- --------------------------------------------------------

--
-- Структура таблицы `cards`
--

CREATE TABLE `cards` (
  `card_id` varchar(40) CHARACTER SET utf8 NOT NULL,
  `card_name` text CHARACTER SET utf8 NOT NULL
) ENGINE=InnoDB DEFAULT CHARSET=utf8 COLLATE=utf8_unicode_ci;

--
-- Дамп данных таблицы `cards`
--

INSERT INTO `cards` (`card_id`, `card_name`) VALUES
('0x015 0x88 0x191 0x22', 'menu'),
('0x04 0x140 0x86 0x234 0x165 0x52 0x128', 'employee_1');

-- --------------------------------------------------------

--
-- Структура таблицы `events`
--

CREATE TABLE `events` (
  `id` int(11) NOT NULL,
  `data` varchar(40) NOT NULL,
  `published_at` datetime NOT NULL,
  `coreid` varchar(40) NOT NULL,
  `handled` tinyint(1) NOT NULL DEFAULT 0
) ENGINE=InnoDB DEFAULT CHARSET=utf8;

--
-- Дамп данных таблицы `events`
--

INSERT INTO `events` (`id`, `data`, `published_at`, `coreid`, `handled`) VALUES
(70, '0x015 0x88 0x191 0x22', '2019-06-11 21:05:11', '22001c001347343438323536', 0),
(71, '0x04 0x140 0x86 0x234 0x165 0x52 0x128', '2019-06-11 21:05:35', '22001c001347343438323536', 0),
(72, '0x015 0x88 0x191 0x22', '2019-06-11 21:36:28', '22001c001347343438323536', 0),
(73, '0x015 0x88 0x191 0x22', '2019-06-11 21:36:34', '22001c001347343438323536', 0),
(74, '0x015 0x88 0x191 0x22', '2019-06-11 21:36:35', '22001c001347343438323536', 0),
(75, '0x015 0x88 0x191 0x22', '2019-06-11 21:36:37', '22001c001347343438323536', 0),
(76, '0x015 0x88 0x191 0x22', '2019-06-11 21:39:42', '22001c001347343438323536', 0),
(77, '0x015 0x88 0x191 0x22', '2019-06-11 21:39:44', '22001c001347343438323536', 0),
(78, '0x015 0x88 0x191 0x22', '2019-06-11 21:43:25', '22001c001347343438323536', 0),
(79, '0x015 0x88 0x191 0x22', '2019-06-11 21:43:27', '22001c001347343438323536', 0),
(80, '0x015 0x88 0x191 0x22', '2019-06-11 21:43:29', '22001c001347343438323536', 0),
(81, '0x015 0x88 0x191 0x22', '2019-06-11 22:04:26', '22001c001347343438323536', 0),
(82, '0x015 0x88 0x191 0x22', '2019-06-11 22:04:28', '22001c001347343438323536', 0),
(83, '0x015 0x88 0x191 0x22', '2019-06-11 22:04:44', '22001c001347343438323536', 0),
(84, '0x04 0x140 0x86 0x234 0x165 0x52 0x128', '2019-06-11 23:00:07', '22001c001347343438323536', 1),
(85, '0x015 0x88 0x191 0x22', '2019-06-11 23:00:09', '22001c001347343438323536', 1),
(86, '0x015 0x88 0x191 0x22', '2019-06-11 23:00:11', '22001c001347343438323536', 1),
(87, '0x015 0x88 0x191 0x22', '2019-06-11 23:00:13', '22001c001347343438323536', 1),
(88, '0x015 0x88 0x191 0x22', '2019-06-11 23:00:15', '22001c001347343438323536', 1),
(89, '0x015 0x88 0x191 0x22', '2019-06-11 23:00:17', '22001c001347343438323536', 1),
(90, '0x015 0x88 0x191 0x22', '2019-06-11 23:00:19', '22001c001347343438323536', 1),
(91, '0x015 0x88 0x191 0x22', '2019-06-11 23:00:21', '22001c001347343438323536', 1),
(92, '0x015 0x88 0x191 0x22', '2019-06-11 23:02:07', '22001c001347343438323536', 1),
(93, '0x04 0x140 0x86 0x234 0x165 0x52 0x128', '2019-06-11 23:05:14', '22001c001347343438323536', 1),
(94, '0x015 0x88 0x191 0x22', '2019-06-11 23:05:18', '22001c001347343438323536', 1),
(95, '0x04 0x140 0x86 0x234 0x165 0x52 0x128', '2019-06-11 23:05:50', '22001c001347343438323536', 1),
(96, '0x015 0x88 0x191 0x22', '2019-06-12 11:06:17', '22001c001347343438323536', 1),
(97, '0x04 0x140 0x86 0x234 0x165 0x52 0x128', '2019-06-12 11:06:26', '22001c001347343438323536', 1),
(98, '0x015 0x88 0x191 0x22', '2019-06-12 11:15:35', '22001c001347343438323536', 1),
(99, '0x04 0x140 0x86 0x234 0x165 0x52 0x128', '2019-06-12 11:15:57', '22001c001347343438323536', 1),
(100, '0x015 0x88 0x191 0x22', '2019-06-12 11:16:15', '22001c001347343438323536', 1),
(101, '0x04 0x140 0x86 0x234 0x165 0x52 0x128', '2019-06-12 11:16:38', '22001c001347343438323536', 1),
(102, '0x015 0x88 0x191 0x22', '2019-06-12 11:24:01', '22001c001347343438323536', 1),
(103, '0x04 0x140 0x86 0x234 0x165 0x52 0x128', '2019-06-12 11:24:16', '22001c001347343438323536', 1),
(104, '0x015 0x88 0x191 0x22', '2019-06-12 11:24:37', '22001c001347343438323536', 1),
(105, '0x04 0x140 0x86 0x234 0x165 0x52 0x128', '2019-06-12 11:28:10', '22001c001347343438323536', 1),
(106, '0x015 0x88 0x191 0x22', '2019-06-12 11:28:33', '22001c001347343438323536', 1),
(107, '0x04 0x140 0x86 0x234 0x165 0x52 0x128', '2019-06-12 11:28:45', '22001c001347343438323536', 1),
(108, '0x05 0x137 0x223 0x138 0x52 0x144 0x00', '2019-06-12 11:29:33', '22001c001347343438323536', 1),
(109, '0x015 0x88 0x191 0x22', '2019-06-12 11:30:00', '22001c001347343438323536', 1),
(110, '0x04 0x140 0x86 0x234 0x165 0x52 0x128', '2019-06-12 11:30:13', '22001c001347343438323536', 1),
(111, '0x05 0x137 0x223 0x138 0x52 0x144 0x00', '2019-06-12 11:31:40', '22001c001347343438323536', 1),
(112, '0x015 0x88 0x191 0x22', '2019-06-12 11:42:43', '22001c001347343438323536', 1),
(113, '0x04 0x140 0x86 0x234 0x165 0x52 0x128', '2019-06-12 11:42:53', '22001c001347343438323536', 1),
(114, '0x015 0x88 0x191 0x22', '2019-06-12 11:43:22', '22001c001347343438323536', 1),
(115, '0x04 0x140 0x86 0x234 0x165 0x52 0x128', '2019-06-12 11:43:26', '22001c001347343438323536', 1);

-- --------------------------------------------------------

--
-- Структура таблицы `servetime`
--

CREATE TABLE `servetime` (
  `id` int(11) NOT NULL,
  `employee` text NOT NULL,
  `time` time NOT NULL
) ENGINE=InnoDB DEFAULT CHARSET=utf8;

--
-- Дамп данных таблицы `servetime`
--

INSERT INTO `servetime` (`id`, `employee`, `time`) VALUES
(54, 'employee_1', '00:00:23'),
(55, 'employee_1', '00:05:05'),
(56, 'employee_1', '00:00:31'),
(57, 'employee_1', '00:00:09'),
(58, 'employee_1', '00:00:22'),
(59, 'employee_1', '00:00:23'),
(60, 'employee_1', '00:00:14'),
(61, 'employee_1', '00:03:33'),
(62, 'employee_1', '00:00:12'),
(63, 'employee_1', '00:00:13'),
(64, 'employee_1', '00:00:11'),
(65, 'employee_1', '00:00:03');

-- --------------------------------------------------------

--
-- Структура таблицы `tables`
--

CREATE TABLE `tables` (
  `coreid` varchar(40) NOT NULL,
  `table_number` int(11) NOT NULL
) ENGINE=InnoDB DEFAULT CHARSET=utf8;

--
-- Дамп данных таблицы `tables`
--

INSERT INTO `tables` (`coreid`, `table_number`) VALUES
('12345', 2),
('22001c001347343438323536', 1);

--
-- Индексы сохранённых таблиц
--

--
-- Индексы таблицы `cards`
--
ALTER TABLE `cards`
  ADD PRIMARY KEY (`card_id`);

--
-- Индексы таблицы `events`
--
ALTER TABLE `events`
  ADD PRIMARY KEY (`id`);

--
-- Индексы таблицы `servetime`
--
ALTER TABLE `servetime`
  ADD PRIMARY KEY (`id`);

--
-- Индексы таблицы `tables`
--
ALTER TABLE `tables`
  ADD PRIMARY KEY (`coreid`);

--
-- AUTO_INCREMENT для сохранённых таблиц
--

--
-- AUTO_INCREMENT для таблицы `events`
--
ALTER TABLE `events`
  MODIFY `id` int(11) NOT NULL AUTO_INCREMENT, AUTO_INCREMENT=116;

--
-- AUTO_INCREMENT для таблицы `servetime`
--
ALTER TABLE `servetime`
  MODIFY `id` int(11) NOT NULL AUTO_INCREMENT, AUTO_INCREMENT=66;
COMMIT;

/*!40101 SET CHARACTER_SET_CLIENT=@OLD_CHARACTER_SET_CLIENT */;
/*!40101 SET CHARACTER_SET_RESULTS=@OLD_CHARACTER_SET_RESULTS */;
/*!40101 SET COLLATION_CONNECTION=@OLD_COLLATION_CONNECTION */;
